SOFA总分,氧分压,吸氧浓度,氧合指数,氧合指数得分,血小板,血小板得分,总胆红素,胆红素得分,CR,肾功能得分,GCS得分,感染灶,年龄,基础疾病,性别,label
9,96.4,0.7,137.714285714286,3,80,2,18.0,0,75,0,0,1,86,1,1,1
4,0.0,0.0,492.0,0,243,0,6.0,0,95,0,0,1,56,0,0,0
11,82.65,0.5,165.3,3,78,2,32.7,2,96,0,0,1,61,1,0,1
8,86.0,0.4,215.0,2,175,0,9.2,0,235,2,0,1,79,0,1,1
11,55.2,1.0,55.2,4,56,2,22.1,1,99,0,0,0,67,1,1,0
11,71.1,0.65,109.384615384615,3,180,0,63.0,2,182,2,0,1,38,0,0,1
7,0.0,0.0,310.0,1,138,1,37.9,2,59,0,0,0,71,1,0,1
15,167.4,1.0,167.4,3,70,2,116.0,3,325,3,0,1,89,0,1,1
6,0.0,0.0,220.0,2,188,0,18.2,0,124,1,0,1,82,1,0,0
14,72.0,0.33,218.181818181818,2,56,2,249.2,4,306,3,0,1,48,0,0,0
8,95.8,0.5,191.6,3,354,0,12.4,0,167,1,0,1,66,0,0,0
9,236.58,0.6,394.3,1,170,0,33.9,2,180,2,0,1,84,1,0,1
15,77.2,0.4,193.0,3,50,5,99.3,2,163,1,0,1,58,0,0,0
6,61.6,0.4,154.0,3,216,0,13.4,0,94,0,0,0,87,1,0,0
9,111.9,0.6,186.5,3,214,0,27.7,1,201,2,0,0,64,1,1,1
9,101.4,0.4,253.5,2,291,0,189.3,3,162,1,0,0,60,0,1,0
9,0.0,0.0,253.0,2,72,2,21.1,1,107,0,0,1,78,1,0,0
6,138.9,0.4,347.25,1,176,0,17.6,0,134,1,0,1,78,0,0,1
7,112.5,0.6,187.5,3,182,0,9.4,0,68,0,0,1,74,1,0,0
10,237.83,1.0,237.83,2,253,0,31.6,1,187,2,1,1,41,0,0,0
6,0.0,0.0,347.0,1,135,1,16.1,0,109,0,0,1,68,0,0,0
11,0.0,0.0,288.0,2,176,0,30.2,1,149,1,3,0,50,1,0,0
14,80.7,0.4,201.75,3,97,2,23.5,1,445,4,0,1,79,0,0,0
6,0.0,0.0,395.0,1,200,0,13.2,0,165,1,0,1,87,1,0,1
9,0.0,0.0,250.0,2,185,0,13.6,0,365,3,0,1,56,1,0,1
8,127.4,0.6,212.333333333333,2,113,1,14.8,0,234,2,0,0,69,1,0,1
6,419.8,1.0,419.8,0,171,0,30.6,1,137,1,0,1,76,0,0,1
8,52.6,0.31,169.677419354839,3,103,1,8.4,0,32,0,0,0,31,0,1,0
16,134.44,0.4,336.1,1,19,4,113.9,3,375,3,1,1,20,0,0,0
13,0.0,0.0,250.0,2,263,0,29.7,1,292,2,4,0,68,0,0,0
6,0.0,0.0,280.0,2,153,0,18.9,0,123,1,0,1,83,0,1,0
9,149.2,0.5,298.4,2,144,1,13.3,0,262,2,0,1,68,0,0,0
7,99.9,0.55,181.636363636364,3,175,0,12.1,0,166,1,0,1,85,0,0,0
8,0.0,0.0,206.0,2,219,0,15.1,0,190,2,0,1,75,1,0,1
15,0.0,0.0,400.0,1,15,4,36.2,2,175,2,3,0,84,0,1,0
5,106.6,0.45,236.888888888889,2,293,0,17.3,0,69,0,0,0,86,0,1,1
11,0.0,0.0,284.0,2,140,1,8.6,0,147,1,3,1,85,0,0,0
7,128.7,0.5,257.4,2,253,0,22.7,1,52,0,0,1,87,1,0,0
9,0.0,0.0,190.0,3,227,0,13.3,0,297,2,0,1,63,0,0,0
6,105.9,0.4,264.75,2,304,0,13.2,0,65,0,0,1,55,0,0,0
8,72.2,0.8,90.25,4,341,0,14.0,0,86,0,0,1,65,0,1,0
5,209.31,0.5,418.62,0,365,0,11.5,0,42,0,1,1,80,1,1,0
5,183.0,0.6,305.0,1,221,0,7.7,0,99,0,0,1,71,0,0,1
